{
  "center": [
    0.0,
    0.0,
    0.0,
    0.0,
    0.0,
    0.0,
    0.0,
    277.042982270573,
    0.0,
    0.0,
    1000.0,
    0.0,
    -68.8959924314556,
    4040.570033708381,
    111.80639033594466,
    0.0,
    0.0,
    0.0,
    66.65695818110517,
    0.0,
    1.0306014768749188,
    0.0,
    0.0,
    3.6388083922460277,
    -12.98564334428811,
    0.0,
    1.9997927690147792,
    0.0
  ],
  "scale": [
    1.0,
    1.0,
    1.0,
    1.0,
    1.0,
    1.0,
    1.0,
    49.34877272429628,
    1.0,
    1.0,
    1.0,
    7798.954979582593,
    22.767985812814757,
    5829.885395971556,
    1284.7237945292,
    661.6619589839063,
    570.8382270403424,
    233.80369069164794,
    326.0343218811254,
    425.5116850280159,
    96.73715796751324,
    100.64775310052863,
    101.62657765180184,
    128.21136599184865,
    171.4400570798269,
    17.86901234519642,
    21.278939128022586,
    49.847911249600614
  ]
}