{"center": [0.0, 0.0, 0.0, -500.5014620691019, 0.0, 0.0, 158.0, 0.0, 143.0, 0.0, 0.0, 0.0, 0.0, 0.0, 0.0, 0.0, 0.0, 0.0, 0.0, 0.0, 470.3880085080214, 944.0, 304.6461711849619, 447.0, 25.05066240221111, 0.0, 0.0, -24.178757543009993], "scale": [3728.932021331845, 8042.887793142869, 4002.3172192381576, 6620.947915440969, 3975.9732712713385, 5779.973114359571, 304.0, 231.1325319124673, 503.0343637373577, 274.603145067484, 49.072950326002626, 12.975774503393144, 7.209373218997496, 9.725113417381765, 165.03484339784723, 0.13512353459689086, 50.86533274982706, 144.97196094035357, 11168.751285491155, 1638.9253166072137, 644.7704127154024, 3395.847419090744, 450.51633381516626, 624.6586839525941, 184.0, 338.26664511012444, 6.214963456861057, 33.13]}